Company,RMSE (no sentiment),RMSE (with sentiment)
AAPL,0.034296179700709827,0.03152242562084211
MSFT,0.030755462197143896,0.031093875095484263
