Company,RMSE (no sentiment),Accuracy (no sentiment),RMSE (with sentiment),Accuracy (with sentiment)
AAPL,0.006889394075541447,35.355000000000004,0.007309732984555615,34.20534482758621
MSFT,0.007407917670173737,33.63775862068966,0.006569361999274279,34.34879310344827
